{
    "train_mean": -100.88297935437562,
    "train_std": 779.1968590607784,
    "test_mean": -1197.3855121657512,
    "test_std": 1265.70870579903,
    "train_skew": -2.875189634622233,
    "test_skew": 0.1353400698749137,
    "train_kurtosis": 21.253369525924153,
    "test_kurtosis": 4.910049941244186
}