{
    "train": {
        "count": 3876.0,
        "mean": -100.88297935437562,
        "std": 779.2973941052662,
        "min": -8353.44450411731,
        "25%": -62.231359181651214,
        "50%": 96.01219842343042,
        "75%": 101.90515584785555,
        "max": 6409.075625914607
    },
    "test": {
        "count": 970.0,
        "mean": -1197.3855121657512,
        "std": 1266.3616378547345,
        "min": -7141.130384642856,
        "25%": -1719.998537892434,
        "50%": -1144.9168669124247,
        "75%": -627.2724069078849,
        "max": 6718.603639519497
    },
    "train_skew": -2.875189634622233,
    "test_skew": 0.1353400698749137,
    "train_kurtosis": 21.253369525924153,
    "test_kurtosis": 4.910049941244186
}